,twenty,mix_x_ener,mix_f_ener,mix_m_ener
153,WDREFGAQLIRFGDDLITQY,-9.332877282490031,-9.803739287287463,-11.064113126079237
155,WDREVGAQLRRAGDDLNTQG,-9.82619263113837,-11.023357165716176,-10.359860681854386
156,WDREVGAQLRRVGDDLDEQA,-10.579647406903579,-11.32433702778199,-11.634475807451384
157,WEREDGAQLIRFGDDLHEQS,-9.31970514098871,-9.849565106721311,-9.949756661598189
159,WEREFGAQLARVGDDLLAQT,-10.92393257372259,-10.876238312362014,-12.05457060855273
160,WEREFGAQLTRVGDDLNKQC,-9.487203884873981,-9.775720738785004,-10.12892245642262
186,WEREIGAQLARSGDDLVKQG,-9.847299820480867,-10.536536435512994,-10.39266583566593
187,WEREIGAQLIRFGDDLITQY,-9.841907336018243,-10.284664934653847,-12.19364553408741
188,WEREIGAQLVRIGDDLVEQT,-10.575674666954827,-10.394292366824352,-13.121742194665794
204,WERELGAQLRRCGDDLLTQG,-10.820471573269334,-10.089293657096244,-10.008237828554767
205,WERELGAQLRRSGDDLDTQC,-9.898074110705927,-11.029952129249708,-10.00525359080046
207,WHREFGAQLVRTGDDLVTQY,-9.588626039897845,-9.922799600997815,-10.16642666019714
211,WIREFGAQLARLGDDLTAQT,-10.599452708970203,-11.433886872091039,-12.563690920485893
212,WIREFGAQLARTGDDLVKQS,-9.966158801942356,-11.105420177735736,-10.151556690809143
214,WIREFGAQLIRIGDDLITQS,-9.71695812249925,-10.156064784086453,
216,WIREHGAQLTRCGDDLITQT,-9.37016705578801,-9.671383600344743,-10.115064234898455
258,WIREIGAQLARHGDDLLEQG,-9.492589977910102,-11.048723278538477,-10.111422936742752
284,WIRELGAQLARGGDDLDKQG,-9.415549690697544,-10.73651117554396,-9.969395969614512
285,WIRELGAQLARSGDDLNTQG,-9.393826274016291,-11.252029313351535,-9.951621112763428
286,WIRELGAQLARSGDDLTKQH,-10.196891080626019,-11.436845813616259,-10.171446023482366
287,WIRELGAQLGRIGDDLAEQC,-10.20295491833353,-11.273365690556544,-12.089771961905287
289,WIRELGAQLVRTGDDLNAQS,,-10.174558805525496,-9.890710945782072
291,WIREVGAQLRRYGDDLPTQS,-9.45371140102383,-10.403461335857454,-10.087678437323994
292,WIREYGAQLARSGDDLNAQA,-9.498543135454023,-10.086793619474227,-10.089261305462287
301,WKRENGAQLIRLGDDLNTQP,-9.157714074245483,-9.913961293120607,-9.661648599811869
302,WLREFGAQLARCGDDLNKQS,-10.437215670794284,-11.122878922428598,-10.45292305739019
303,WLREFGAQLARFGDDLDAQA,-11.33492735703165,-11.725155069269354,-12.258057595904956
305,WLREFGAQLARSGDDLDAQS,-9.968326330912882,-10.752648183513879,-10.045506427848885
306,WLREFGAQLARSGDDLVTQA,-9.93635357116272,-9.917800462694228,-10.057033099195857
307,WLREFGAQLARTGDDLNKQS,-10.407644561897003,-11.039448372962521,-10.408717558692793
309,WLREFGAQLGRVGDDLLAQP,-9.997443762706386,-9.83450668226552,-10.183966296206444
311,WLREFGAQLRRGGDDLLEQR,-10.406657274737949,-9.701427430813034,-10.053173799785084
313,WLREFGAQLRRVGDDLVTQS,-10.269914398379271,-10.94986597563314,-10.16712987181096
314,WLREFGAQLVRCGDDLIEQS,-9.316363580199173,-9.783375962633876,-9.97128970514516
343,WLREIGAQLARSGDDLLAQA,-10.610941944867271,-11.302379682870704,-10.19151639288707
345,WLREIGAQLGRCGDDLVAQN,-9.969081462510957,-10.899872842072158,-10.131149815548095
347,WLREIGAQLGRLGDDLIAQA,-10.597067909806098,-11.313818295656509,-11.861994675840098
348,WLREIGAQLGRSGDDLDAQT,-9.724342472600133,-11.05645315497396,-10.262171339946864
350,WLREIGAQLIRIGDDLLAQP,-10.386934218201546,-9.920513797987374,-11.59936973693449
352,WLREIGAQLRRYGDDLLKQC,-10.390355505892412,-11.316492769312642,-11.560427517762108
353,WLREIGAQLTRFGDDLITQH,,-9.882794806444753,-10.742212057124142
354,WLREIGAQLTRHGDDLVKQA,-9.448355943569668,-10.020804740160694,-10.132133281761806
357,WLREIGAQLVRIGDDLITQR,-10.375647680929514,-10.19119150451632,-12.148456822428166
358,WLREIGAQLVRVGDDLIEQA,-9.91320454293319,-10.188344559154958,-10.14054635078624
377,WLRELGAQLARHGDDLAAQA,-10.62971665098498,-11.399489130430007,-10.78561257145343
380,WLRELGAQLGRLGDDLHKQD,-9.581049893478893,-10.635760909649104,-10.534628262149283
382,WLRELGAQLIRIGDDLVKQY,-10.748190938429687,-10.446330774552234,-13.72133424907177
383,WLRELGAQLIRVGDDLVTQT,-9.323002515623145,-9.785877401981885,-9.915199748339912
386,WLRELGAQLVRTGDDLITQN,-9.420054095503279,-9.8571104224115,-9.974671900739903
388,WLRENGAQLRRTGDDLIAQT,-9.295572542581823,-10.394701421143662,-10.039733422744431
389,WLREVGAQLGRVGDDLTKQS,-9.88782435466123,-10.34513941374664,-10.182689099393093
390,WLREVGAQLIRCGDDLTAQG,-9.574749724755831,-10.079700262991977,-10.054013492953407
391,WLREVGAQLIRIGDDLNTQS,-10.283274426772898,-10.297172829624984,-12.783580956967604
392,WLREYGAQLARVGDDLVEQT,-10.292291186316152,-9.798585327652184,-11.029905295787486
395,WMREFGAQLARIGDDLVKQS,-10.93441389438874,-11.609645263223168,-12.760050358334357
396,WMREFGAQLARLGDDLAEQT,-10.845034487388135,-11.168120809386,-12.66914076666312
397,WMREFGAQLARLGDDLDEQC,-10.562696828699442,-11.239938434656075,-11.480271296427855
398,WMREFGAQLARVGDDLLTQR,-11.0115044545395,-10.699341898227857,-10.898358032901287
399,WMREFGAQLARYGDDLAKQG,-10.630225964088654,-10.93186852524601,-11.523847333840088
400,WMREFGAQLGRYGDDLVEQR,-10.548746625198223,-10.431585874574168,
404,WMREFGAQLVRHGDDLNEQA,-9.42911568675278,-9.793682283643648,-10.266982441487649
405,WMREFGAQLVRLGDDLHEQH,-9.443503209721804,-9.627939495619637,-10.68164687140516
408,WMREIGAQLARAGDDLVKQS,-10.62472625052767,-11.394329068174567,-11.371783325011954
415,WMRELGAQLIRFGDDLVAQY,-9.578103844210135,-10.447029337413229,-12.3814998662858
419,WMREVGAQLRRAGDDLITQP,-9.844079773254967,-10.545550964638181,-10.170910986478344
420,WMREVGAQLRRIGDDLIKQS,-11.452985461311142,-11.533932007837448,-13.137459557187075
421,WMREVGAQLVRTGDDLDKQN,-9.446109993624484,-9.762635907970314,-9.9293775867026
422,WMREYGAQLIRAGDDLHKQY,-9.553860024583008,-9.747420620523751,-10.158530254900514
423,WMREYGAQLVRCGDDLTKQY,-9.566608972495443,-9.96604870551819,-10.30462975326266
424,WNREFGAQLGRVGDDLIAQN,-9.462196453714517,-9.769064219045594,-10.172475733018462
427,WNREFGAQLVRIGDDLNTQS,-9.803368539971956,-9.718959311478283,-10.289751265931102
429,WNREHGAQLIRFGDDLDAQT,-8.995892664123254,-9.729855437882104,-10.022934309080416
430,WNRELGAQLIRIGDDLTKQS,-9.746115960587119,-9.555727509152254,
431,WNRELGAQLRRIGDDLTKQN,-11.074663057042827,-11.337994879350063,-12.075449640245314
433,WNREVGAQLRRSGDDLDAQR,-9.626928850065305,-10.081225912122617,-10.058342156209834
437,WNREYGAQLIRTGDDLVAQD,-9.417925941971724,-9.911726277037811,-10.11829308815674
452,WQREIGAQLARLGDDLVAQS,-10.742468063790986,-11.369265377319676,-12.686800831353121
453,WQREIGAQLVRFGDDLVKQR,-9.50459159707433,-9.860645925656659,-10.335491433242662
464,WQRELGAQLIRLGDDLVKQS,-9.827418157789664,-10.068668895261546,-10.184704684813834
465,WQRELGAQLIRYGDDLHAQG,-9.517503860790933,-9.823921700631272,-10.306322619221893
466,WQRELGAQLTRIGDDLTEQP,-9.350105193506707,-9.775397118849934,-9.965895156821727
467,WQRELGAQLVRYGDDLLAQH,-9.508882587264422,-10.031318176695045,-10.092354445349688
468,WQREVGAQLIRFGDDLNEQS,-9.429811903027195,-10.075987737283906,-11.514147457440837
470,WQREVGAQLVRYGDDLITQC,-9.171148650226453,-9.836111020946692,-10.082940863370697
516,WVREFGAQLARVGDDLPAQS,-9.496220023927634,-9.865112761179564,-10.087131760218423
517,WVREFGAQLGRFGDDLIAQP,-9.911265142096257,-9.949518277520824,-10.255531861999518
518,WVREFGAQLGRFGDDLTEQN,-9.625286978466471,-11.024041922360212,-11.371516549703387
519,WVREFGAQLGRYGDDLNAQY,-10.73677523282373,-11.502606448743586,-12.798526391255479
520,WVREFGAQLIRCGDDLTTQT,-9.394758847770602,-9.912097526268552,-9.978103804820528
521,WVREFGAQLRRIGDDLLKQY,-11.35697974404222,-11.228786193281781,-12.352590518393205
522,WVREFGAQLRRIGDDLPKQC,-9.925723269811678,-11.142957550548417,-10.452166707483295
523,WVREHGAQLGRCGDDLIKQS,-9.410440357128248,-9.812654001534456,-10.197437472795947
524,WVREHGAQLIRPGDDLDTQG,,-10.388833017060831,
557,WVREIGAQLARSGDDLTAQR,-9.651878743377662,-11.165737824607762,-10.163880391514489
558,WVREIGAQLGRFGDDLIAQS,-9.361866839010355,-11.11425405392434,-11.315283351488725
559,WVREIGAQLGRIGDDLHKQH,-10.576802721265963,-11.419951673021302,-12.656794770916527
561,WVREIGAQLIRTGDDLNAQA,-9.680646178277307,-10.977260903511429,-10.229429794118623
562,WVREIGAQLIRYGDDLIEQN,-9.272088652282955,-10.214344219188135,-10.205268240983639
563,WVREIGAQLRRCGDDLVEQA,-10.026290773372343,-11.17793695483854,-10.172501011498234
564,WVREIGAQLRRFGDDLAEQC,-9.894123740112752,-11.471196432412714,-12.360185351621851
565,WVREIGAQLTRFGDDLLKQN,-9.5730922705467,-10.754069932070475,-10.59413082213377
566,WVREIGAQLTRIGDDLTAQT,-9.700275706739092,-10.96850357349605,-11.959931776073196
568,WVREIGAQLVRIGDDLAAQG,-10.069274244683662,-11.192899358772998,-12.126695176132358
591,WVRELGAQLARCGDDLITQA,-9.823164858868994,-11.27984471955328,-10.081031283231523
592,WVRELGAQLARSGDDLIEQA,-9.399090133319286,-11.15841192272309,-9.902388906959914
593,WVRELGAQLGRFGDDLLAQS,,-11.072665364266912,-10.475851803506655
594,WVRELGAQLIRIGDDLDAQT,-10.467299841097258,-11.286347767111486,-12.705997690063999
595,WVRELGAQLIRYGDDLHKQT,-9.560224739396583,-10.064181538035147,
600,WVRELGAQLTRYGDDLNAQT,-9.412353386387952,-11.029476802346775,
601,WVRELGAQLVRNGDDLDEQC,-9.298821004062361,-9.958925054195278,-9.946852116725466
602,WVRENGAQLVRIGDDLDAQY,-9.456665041556107,-9.744204271420644,-10.663336325116047
607,WVREVGAQLRRYGDDLTEQS,-9.612675224337238,-11.220159214578135,-11.328102373896296
608,WVREVGAQLTRAGDDLHTQS,-9.45674401732142,-9.91436778979254,-10.052618733893492
609,WVREVGAQLTRVGDDLIEQT,-9.627094738797,-9.948026162305005,-10.090841437951411
610,WVREYGAQLARVGDDLDAQY,-10.502650692820074,-11.423879618467872,
611,WVREYGAQLIRIGDDLDKQT,-9.79980077803562,-9.86961690170084,-11.560330070730481
1692,WDREFGAQLIRFGDDLVEQN,-9.336940013984947,-9.875392312062637,-10.609130608240015
1693,WDREFGAQLRRNGDDLVAQA,-9.74406697955744,-9.80248713499488,-10.103841769092943
1694,WDREFGAQLRRYGDDLITQN,-9.644118183717623,-10.955860819432447,-10.590936674985354
1695,WDREFGAQLTRCGDDLIEQP,-9.418605616711039,-9.801118994596804,-10.163530967559693
1696,WDREFGAQLTRNGDDLIAQN,,-9.848584202267801,
1697,WDREHGAQLIRLGDDLNTQS,-9.431940961317173,-9.938428689017897,-10.020771281846741
1699,WDREIGAQLARLGDDLVTQC,-9.662597839602732,-11.102459200563247,-13.16514579582201
1700,WDREIGAQLGRAGDDLATQG,-9.187067795134194,-9.870572960662477,-10.020233863765814
1701,WDREIGAQLGRTGDDLAKQG,-9.392184513783633,-9.81757366352684,
1702,WDREIGAQLIRGGDDLTAQS,-9.063663218547095,-9.87835391334645,-9.97678420591381
1703,WDREIGAQLRRCGDDLDEQD,-9.338651171286509,-10.989937158603569,
1704,WDREIGAQLVRIGDDLVTQY,-9.479371982873529,-10.178946120998026,-13.1105740441914
1706,WDRELGAQLGRAGDDLNKQS,,-9.99921740379332,-9.935675697832279
1707,WDRELGAQLGRTGDDLIKQT,-9.480621393263,-9.872443429542683,-9.90321140279774
1708,WDRELGAQLIRFGDDLHTQS,-9.556398672503025,-9.942006640827117,-10.196506613621818
1709,WDRELGAQLRRTGDDLVTQS,-9.172392725705572,-9.94856021986647,-9.82375453778603
1711,WDRENGAQLARAGDDLVTQH,-9.226066440059824,-9.760385132634452,-9.86156407325258
1712,WDRENGAQLTRYGDDLATQC,-9.209001764219762,-9.840318870373805,-9.691265078586264
1713,WDREVGAQLARAGDDLVTQA,-9.637104612121206,-10.212127761567226,-10.721449674002015
1714,WDREVGAQLARLGDDLVAQN,-10.165292779231976,-10.88323864923185,-12.958691395310426
1716,WDREVGAQLVRSGDDLLEQD,-9.41664188952912,-9.909598022047883,
1718,WEREDGAQLTRFGDDLTTQT,-9.324982554109983,-9.8480644027593,-9.89092308448161
1721,WEREFGAQLGRFGDDLVTQT,-9.84884046028017,-9.87633078624479,-12.090689736346512
1723,WEREFGAQLIRFGDDLITQY,-9.54257582013968,-9.944386697385916,
1724,WEREFGAQLIRIGDDLVEQD,-9.391099057840007,-9.861448653962867,
1726,WEREHGAQLIRLGDDLVKQC,-9.325428890721021,-9.950061802064873,-10.135048904689777
1727,WEREHGAQLTRTGDDLITQY,-9.317453352417132,-9.861218490623244,-9.955562559931442
1763,WEREIGAQLIRIGDDLNTQS,-10.274396108602973,-10.690391136427793,-13.183224940169625
1788,WERELGAQLARCGDDLPAQS,-9.898488317842018,-9.86780483098524,-9.903684556933008
1789,WERELGAQLARHGDDLHAQH,-11.184041273737838,-10.973729721709166,-11.764866366001533
1791,WERELGAQLGRSGDDLPAQN,-8.865593939230695,-9.849885395946911,-9.984426075873282
1793,WERELGAQLIRSGDDLDKQP,-9.107012338080304,-9.916638988924245,-10.03274950881927
1795,WERELGAQLRRIGDDLHTQP,-11.161002793823856,-11.094211704568934,
1799,WERENGAQLTRFGDDLHTQC,-9.963746848471414,-9.914471999732742,-10.009878127480913
1800,WEREVGAQLGRVGDDLIEQR,-10.363616020775202,-9.933988578890453,
1801,WEREVGAQLIRHGDDLIEQT,-9.292804208605467,-9.800505315791977,-9.979130093134058
1803,WEREYGAQLARCGDDLTAQP,-9.64495856526193,-9.833092715426826,-10.140094694205908
1804,WEREYGAQLRRFGDDLVAQC,-10.497967230878364,-10.109433153488624,
1805,WEREYGAQLTRNGDDLITQC,,-9.826405439473572,-10.060014049069292
1808,WHREHGAQLGRIGDDLNAQY,-9.916794669816978,-9.883135831476164,-12.694149593187676
1813,WHREIGAQLTRVGDDLATQN,-9.453257210538387,-9.911961771773443,-10.11346158246619
1814,WHREIGAQLVRIGDDLNTQS,-10.376268844844251,-11.092969159889364,-12.801251503253742
1816,WHRELGAQLIRYGDDLDAQY,-9.640946203710218,-10.9924171550647,-11.267721287378723
1820,WHREVGAQLVRDGDDLIEQS,-9.70573535026767,-9.819243549545149,-9.88488388728585
1824,WIREDGAQLIRVGDDLDTQS,-8.980690098577629,-9.856638603875956,-9.810557564662027
1828,WIREFGAQLARTGDDLVAQC,,-11.060090622112053,
1829,WIREFGAQLIRIGDDLNTQT,-10.316710867081069,-10.865663003067947,-12.346941648210581
1830,WIREFGAQLIRYGDDLVAQP,-9.427328354073618,-9.866337840459716,-10.104167240674679
1832,WIREFGAQLTRIGDDLITQN,,-10.019673330844649,-9.985553524264436
1888,WIREIGAQLGRYGDDLLEQC,-9.474869195537671,-11.042942204173643,-10.590087806104567
1890,WIREIGAQLIRHGDDLIAQY,,-10.716142514333699,
1893,WIREIGAQLVRCGDDLLAQA,,-10.389271002427199,-10.014383927096304
1895,WIREIGAQLVRVGDDLDKQG,-9.498955161142383,-11.171281452955286,-9.937158983752095
1931,WIRELGAQLGRTGDDLHTQG,,-10.160791898548627,-9.99267500053017
1933,WIRELGAQLIRVGDDLDEQH,-9.771229664400684,-10.993177913076973,-10.231286148128632
1934,WIRELGAQLIRYGDDLDAQT,-9.47583438280063,-11.145572708846032,
1937,WIRELGAQLVRCGDDLLKQS,-9.347870703114333,-10.000821226010789,-10.013723162458945
1939,WIRENGAQLGRIGDDLDTQR,-9.388290329417375,-9.81792639537813,-9.93410484227277
1940,WIREVGAQLIRCGDDLHKQT,-9.524444937958428,-9.84941939194016,-10.223733063228202
1943,WIREVGAQLVRYGDDLAKQP,-9.07793885757268,-9.888604756128693,-10.002255670409461
1944,WIREVGAQLVRYGDDLATQH,-9.37589993775206,-9.874581013350827,-10.21904815070428
1945,WIREYGAQLARFGDDLVKQS,-10.533722546176094,-10.150111626153187,
1946,WIREYGAQLIRIGDDLNTQS,,-9.787781691909457,
1947,WIREYGAQLVRIGDDLIKQA,-10.226389615303493,-10.158592218449364,-10.394538661523288
1949,WKREFGAQLIRIGDDLHAQS,-9.455374355831836,-9.895185173443123,-9.67660933264619
1951,WKREFGAQLVRSGDDLNEQT,-9.199867770702511,-9.842342261016057,-9.718014938401309
1952,WKREHGAQLIRRGDDLLKQC,-9.192194138474456,-9.848869096151693,-9.710042837735656
1953,WKREHGAQLTRTGDDLLAQD,-8.849601861467931,-9.7517619519342,-9.686674234885416
1977,WKRENGAQLIRFGDDLIKQC,-9.311127945193489,-9.84918290943183,-9.630837659005884
1983,WLREDGAQLARSGDDLDKQY,-9.203607602922293,-9.808810450170583,-9.896064313135295
1985,WLREDGAQLTRGGDDLVEQR,-9.38585217701214,-9.8731869103407,-10.05299717016355
1986,WLREDGAQLTRSGDDLATQY,-9.755036089666598,-9.776133122581657,-9.826391064941749
1990,WLREFGAQLGRSGDDLVTQY,-9.9227452919054,-9.856004793690936,-10.02693596403601
1991,WLREFGAQLGRVGDDLNTQS,-10.187208691579634,-11.019477232605754,-9.990201179616763
1992,WLREFGAQLIRFGDDLNTQY,-10.37954721337351,-10.61511148014386,-12.51406082031693
1995,WLREFGAQLIRLGDDLNKQS,-9.566359602897275,-10.257147942111468,
1997,WLREFGAQLRRYGDDLAAQS,-10.84389171350852,-11.201962828779633,
1998,WLREFGAQLTRAGDDLLAQG,,-9.889316335101494,-10.08543996011694
2000,WLREFGAQLVRFGDDLHTQH,-9.709693607980846,-9.853509829014495,-10.266783526047009
2001,WLREFGAQLVRFGDDLNAQG,-9.670436364644837,-10.00878908732236,-10.282162573492332
2004,WLREHGAQLIRLGDDLIEQS,,-9.824314531823608,-9.981219087399918
2005,WLREHGAQLRRAGDDLAEQA,,-9.91919218813973,-9.98802236021474
2006,WLREHGAQLRRAGDDLTEQA,-9.456622038953439,-9.867157051134333,-10.029490771885353
2008,WLREHGAQLTRFGDDLATQP,,-9.818659618519828,-9.924525952287484
2055,WLREIGAQLARSGDDLITQY,-9.521942153485394,-11.122409836819077,
2057,WLREIGAQLARVGDDLPEQP,-9.456823856867645,-10.06966454867386,-10.073090471023097
2058,WLREIGAQLGRGGDDLDTQR,-8.925034444145071,-9.925280122048903,-9.512526796273091
2059,WLREIGAQLGRVGDDLATQS,-10.14102163271187,-10.680135434477778,-10.695568250082527
2061,WLREIGAQLRRCGDDLDKQP,-10.161255212173801,-11.158886823362725,-10.199006321664287
2063,WLREIGAQLRRFGDDLITQN,-10.639903020978036,-11.632660365431777,-12.607012877952734
2065,WLREIGAQLRRSGDDLDTQR,-9.93741716783444,-11.120312991564843,-9.967916154606463
2067,WLREIGAQLTRSGDDLLEQD,-9.485001454803742,-9.880622159030768,-9.947756510972546
2068,WLREIGAQLVRYGDDLHEQR,-9.447998594657806,-9.825156809345092,-10.731867267034117
2100,WLRELGAQLARCGDDLDAQP,-9.86143118241142,-11.308335450457733,-9.996748947590788
2107,WLRELGAQLIRFGDDLLAQN,-9.741415642565805,-9.927316243273856,-10.050030069418863
2108,WLRELGAQLIRTGDDLVEQY,,-10.020940568490289,-10.187208888789225
2109,WLRELGAQLRRAGDDLVEQP,-9.861180850926988,-11.120668121928148,-10.072189554315399
2110,WLRELGAQLRRDGDDLVEQC,-9.658405899968633,-9.80220621534907,-9.907786288546692
2111,WLRELGAQLRRSGDDLDAQR,-10.13642805678453,-11.037546699627793,-10.01773150520361
2112,WLRELGAQLRRSGDDLNEQR,-10.932782045497275,-11.107266781974817,-10.024370904935726
2113,WLRELGAQLRRSGDDLNEQT,-10.253085498376132,-11.155480107858134,
2114,WLRELGAQLVRFGDDLLEQP,-9.46445613197243,-9.916222472602406,-10.133258512505797
2115,WLRENGAQLIRIGDDLITQY,-9.178291046699659,-9.874351167819093,-9.91720426047642
2118,WLREVGAQLARFGDDLLAQT,-10.808190213228585,-11.132590904851275,-13.153452828727346
2121,WLREVGAQLRRAGDDLAKQA,-10.810903458860905,-11.197867780758244,
2124,WLREVGAQLVRFGDDLITQY,-9.397262218195278,-9.91194151100317,-10.321018024113858
2126,WLREVGAQLVRYGDDLPKQH,-9.586168536013444,-9.871516194190393,-10.11900243104822
2128,WLREYGAQLARFGDDLHTQY,-10.930648321338259,-10.009547408971953,-11.905285926426629
2129,WLREYGAQLGRVGDDLDKQG,-9.33969247990102,-9.898701145704102,
2130,WLREYGAQLIRCGDDLVEQT,-9.40393803642827,-9.886356535926872,-10.035727188748849
2131,WLREYGAQLIRFGDDLTTQS,,-9.88339761957794,
2132,WLREYGAQLIRIGDDLHTQR,-9.651729055441821,-9.907450770907714,-10.149492265402431
2133,WLREYGAQLIRLGDDLVTQR,-9.404848714818462,-10.107806211178804,-10.301842756752057
2134,WLREYGAQLTRFGDDLDEQH,-9.424999759945088,-9.797322911546466,-10.050382856620063
2135,WMREDGAQLVRSGDDLATQS,-9.38567599917172,-9.85248375840118,-9.963660332888214
2136,WMREFGAQLARIGDDLIKQC,-10.028914346031584,-11.284825557995525,-12.706949147320724
2137,WMREFGAQLARIGDDLVKQP,-10.735940216638767,-11.173663708040623,-12.09507218693216
2140,WMREFGAQLGRVGDDLVAQH,-10.270466405279276,-11.013896046407963,
2141,WMREFGAQLIRFGDDLVTQA,-9.498830922458344,-9.963003014246787,-10.588585081679767
2142,WMREFGAQLIRIGDDLAEQP,-9.466027882261548,-9.969148847022208,-10.645703712540456
2143,WMREFGAQLIRIGDDLLTQC,-9.432757059805015,-10.237859859881716,
2145,WMREFGAQLIRLGDDLNAQC,-9.305672280154397,-10.362333475107112,
2147,WMREFGAQLRRTGDDLITQP,-9.588307069722699,-9.914408104328473,-10.1753763472239
2148,WMREFGAQLTRIGDDLTAQS,-9.568703881938362,-9.841982206948098,
2149,WMREFGAQLTRLGDDLATQY,-9.546182809879044,-9.862838541499649,-10.389070420544352
2151,WMREIGAQLARAGDDLPTQR,-9.581357528572848,-9.98891192288792,-10.000089155516767
2157,WMREIGAQLTRFGDDLAAQA,-9.156172259017826,-10.096519456098376,
2158,WMREIGAQLTRIGDDLITQR,-9.496774352356349,-9.930207709554534,
2159,WMREIGAQLVRIGDDLLKQP,-10.33018284858721,-9.916262551625346,-11.203065649545618
2164,WMRELGAQLARIGDDLIKQY,-11.495174589303861,-11.625859695067025,-13.461212345927551
2165,WMRELGAQLARNGDDLDEQR,-10.233022562824218,-10.181592361323741,-10.05637713475575
2167,WMRELGAQLARSGDDLVAQA,-10.300202059280927,-11.114421684118176,-10.10531658607447
2168,WMRELGAQLGRIGDDLLTQS,-10.577664619542368,-11.14091408259969,-11.536639167302518
2169,WMRELGAQLIRFGDDLIEQT,-9.373008582009888,-10.1386526071675,
2172,WMRELGAQLVRIGDDLIEQD,-9.695969911098015,-9.8372905856916,-10.397000917212868
2174,WMRENGAQLGRPGDDLTEQD,-9.268664363188341,-9.853010756571583,-9.838061677011497
2176,WMRENGAQLVRAGDDLLKQP,-9.31854541385881,-9.886683342710393,-10.010837980349073
2182,WMREYGAQLARIGDDLIAQS,-10.29050331652833,-10.152790265400387,-11.878458061705532
2185,WMREYGAQLGRFGDDLITQD,-9.317758335865093,-9.86751449604118,-10.087863420453132
2188,WMREYGAQLRRVGDDLTKQR,-10.87260087638195,-9.985069792609677,
2191,WMREYGAQLVRIGDDLITQA,-9.767290094231983,-9.881713173523815,-9.969565602826503
2192,WMREYGAQLVRSGDDLVEQC,-9.42729730133539,-9.862196797252004,-10.16724243318481
2194,WNREDGAQLGRYGDDLNTQR,-9.397343434303624,-9.860989825436047,-9.983072539158236
2195,WNREDGAQLTRCGDDLNEQH,-9.467090390567705,-9.889584722927623,-9.951324739303782
2198,WNREFGAQLRRIGDDLITQH,-10.165831529335716,-10.752335024379644,
2199,WNREFGAQLRRIGDDLVAQS,,-10.915035641325797,
2200,WNREFGAQLVRPGDDLDEQG,,-9.781732098156695,
2202,WNREHGAQLIRTGDDLPEQP,-9.27920369009955,-9.813734074521818,-10.046428278726669
2203,WNREHGAQLRRIGDDLITQY,-9.56659495535604,-9.9157077837529,-10.311432897549828
2205,WNREIGAQLARCGDDLDEQA,-9.825805523513612,-11.040357759462802,
2207,WNREIGAQLIRSGDDLNTQY,-9.733053509313695,-9.858724828162618,-9.958939586984286
2208,WNREIGAQLRRCGDDLVTQT,-9.700366749163372,-10.212560843091769,-10.04253821867886
2210,WNRELGAQLIRTGDDLNTQY,-9.8979247806617,-9.878595549760913,-9.90925685167178
2212,WNRELGAQLVRLGDDLITQY,-9.578041584724968,-9.844051692322564,-9.986412716365201
2213,WNRENGAQLGRFGDDLIAQS,-9.505704861606095,-9.748688581311338,
2217,WNREVGAQLARFGDDLTAQG,-9.486432106127122,-9.836904275287823,-10.844768410655973
2221,WNREVGAQLTRVGDDLNKQG,-9.404432462547344,-9.881073602151355,-10.210165521943438
2223,WNREYGAQLARYGDDLVAQS,-10.18395356943484,-9.896313987899632,-10.255009606940163
2224,WNREYGAQLRRIGDDLAEQR,-10.531689847390917,-9.884394801016176,
2246,WQREDGAQLIRFGDDLTEQA,-9.33944167733117,-9.863563437994381,-9.882260900191088
2247,WQREFGAQLARTGDDLVEQA,-9.948013134727155,-10.442824839509832,-10.068360386544278
2248,WQREFGAQLIRCGDDLTAQG,,-9.933391432283504,-9.996325260888808
2249,WQREFGAQLTRYGDDLTKQT,-9.472947888939585,-9.916481998508944,-10.114234801628077
2251,WQREHGAQLGRFGDDLLTQY,,-9.890616960078493,-10.147770888577053
2252,WQREHGAQLGRSGDDLDEQS,-9.44933415087876,-9.889201010753476,-9.951615869851585
2253,WQREHGAQLRRIGDDLAAQA,-10.401465438190662,-9.927539458369104,-10.842373635791704
2254,WQREHGAQLTRLGDDLDTQR,-9.325578926139116,-9.819504245591617,-10.074563047507905
2270,WQREIGAQLVRIGDDLHAQG,-10.105019505650521,-10.00706641023562,-11.474938834874973
2288,WQRELGAQLVRVGDDLLKQP,,-9.81005947151243,-10.065567737062809
2289,WQRENGAQLARFGDDLNAQG,,-9.665669138116966,-9.905384391596872
2290,WQREVGAQLIRFGDDLTAQY,-9.684153473977476,-9.986449871457586,
2293,WQREVGAQLTRLGDDLLKQR,,-9.87047109957216,
2294,WQREVGAQLTRYGDDLIEQP,-9.404319009056287,-9.880461999261811,-10.065861899072727
2295,WQREVGAQLVRCGDDLHTQY,-9.654233907785155,-9.909984633510154,-10.057137247280997
2296,WQREYGAQLARNGDDLNAQS,-9.47637075610853,-9.847618663559654,-10.083798907772458
2352,WVREDGAQLRRCGDDLITQD,-9.466976971030736,-9.859249637228334,-9.867345205599463
2353,WVREDGAQLRRTGDDLPEQS,-9.06594866248098,-9.760386055893989,-9.923854524465565
2355,WVREFGAQLARFGDDLATQS,-10.035039549610424,-11.142141204579348,-11.782395044711134
2358,WVREFGAQLGRFGDDLLEQT,-9.773417694788765,-10.87452263109262,-11.101998673811247
2361,WVREFGAQLGRSGDDLLTQC,-9.415628893547398,-9.866744266811407,-10.072412496485006
2364,WVREFGAQLIRTGDDLHKQR,,-9.984548765163726,
2366,WVREFGAQLRRCGDDLHAQY,-10.401586842497451,-11.028314266760326,
2367,WVREFGAQLRRTGDDLLKQR,-10.245568833350246,-10.944286388275554,-10.151946982343727
2370,WVREFGAQLTRLGDDLLEQT,-9.491778562534286,-9.85539701465449,-9.926309594361067
2373,WVREFGAQLVRIGDDLIAQY,-9.951269266098556,-10.853868178372226,-11.522836016172464
2374,WVREFGAQLVRIGDDLVAQG,-9.583509273458162,-10.076503032891509,
2375,WVREFGAQLVRNGDDLVTQY,-9.353171988226851,-9.852017733200872,-10.030941999762419
2377,WVREFGAQLVRSGDDLAEQN,-9.425407551697308,-9.767802621013542,-9.99125032770242
2380,WVREHGAQLARIGDDLITQS,,-9.828284006503317,-10.22583765501247
2381,WVREHGAQLGRIGDDLAKQH,-9.474126797402516,-9.942154110977091,
2382,WVREHGAQLGRVGDDLNEQY,-8.678467311737206,-9.927519858250212,-9.669207748259158
2383,WVREHGAQLIRIGDDLIEQH,-9.355514760898364,-9.899198183828787,-10.169567198133677
2384,WVREHGAQLTRFGDDLLKQG,-9.898421270000547,-9.86154875337628,-10.17044655800212
2440,WVREIGAQLIRTGDDLLTQY,-9.401939030064044,-10.171310023042448,-9.990004459747981
2441,WVREIGAQLIRYGDDLVTQS,,-10.256737940861257,
2446,WVREIGAQLVRSGDDLTEQD,-9.16790500252123,-9.887515650301676,-10.009543434242028
2497,WVRELGAQLARFGDDLLKQG,-10.20106105675203,-11.227086657233851,-11.123552083828898
2499,WVRELGAQLIRFGDDLNEQR,-9.618172939963706,-10.578954964788892,-11.380141859205219
2501,WVRELGAQLIRTGDDLLEQY,-9.395450795884722,-9.897056527973415,-9.970530254184155
2503,WVRELGAQLVRCGDDLHKQA,-10.086779943527773,-10.042415102722133,-10.077328950604777
2504,WVRELGAQLVRIGDDLTTQR,-9.969124187032683,-10.173296662558183,
2511,WVREVGAQLARAGDDLIEQH,-9.680697218078102,-11.160763416890465,-10.30015982376155
2516,WVREVGAQLARSGDDLNTQS,-9.464967526485388,-11.157981603849835,-9.912154187741537
2517,WVREVGAQLGRAGDDLHAQC,-9.538696728294186,-10.114501186669184,-10.17221307762939
2518,WVREVGAQLGRFGDDLNEQH,-9.79220910205459,-11.107368364514285,-12.384399278239341
2521,WVREVGAQLIRFGDDLHTQC,,-9.967775552951435,-10.644707941292491
2522,WVREVGAQLIRFGDDLLKQS,-9.55671029486296,-9.998479903480805,-10.182927835274363
2523,WVREVGAQLRRCGDDLHEQT,-11.264159236917267,-11.081257474324827,-11.266875290223796
2524,WVREVGAQLRRCGDDLIKQA,-9.823573532947385,-11.039246708866742,
2525,WVREVGAQLRRIGDDLLAQS,-11.623646343558786,-11.140157720883007,-12.454978376172054
2527,WVREVGAQLTRGGDDLATQG,,-9.866482441610568,-9.960086837792991
2528,WVREVGAQLTRVGDDLNKQG,-9.673739755603952,-10.036566154199301,-10.222201056449713
2529,WVREVGAQLVRAGDDLHKQH,-9.70575877518515,-9.89310952650438,-10.294104525076506
2530,WVREVGAQLVRIGDDLTTQG,-9.517829146880722,-9.914378948386677,-10.342412771417424
2531,WVREVGAQLVRLGDDLNAQS,-9.665594394254683,-10.976915373205197,
2532,WVREVGAQLVRSGDDLLTQY,-9.537144055342567,-9.890125135460078,-9.861880562074129
2534,WVREVGAQLVRYGDDLLKQC,-9.795421243913783,-10.092936426121808,-10.12613269738399
2536,WVREYGAQLIRGGDDLHTQP,,-9.895639404659086,-10.069046889806293
2539,WVREYGAQLVRSGDDLIEQC,-9.331909870198762,-9.939299756619173,-10.023513863948054
4016,WDRELGAQLARLGDDLNEQH,-10.777029752870062,,-13.147290910911032
4017,WDRENGAQLTRAGDDLDKQH,,,-10.131991612190614
4018,WDRENGAQLTRAGDDLDKQP,,,-10.03282610386196
4020,WDREVGAQLVRVGDDLVTQH,,,-9.99075177848901
4022,WEREFGAQLARCGDDLTTQC,-8.925533133241887,,-10.065287125152336
4023,WEREFGAQLIRPGDDLLTQY,-9.255787890643091,,-10.064950309458903
4024,WEREFGAQLIRSGDDLIKQC,-9.43222676683059,,-10.12682916087822
4047,WERELGAQLARAGDDLNAQT,-11.62712783320966,,-12.765727984705507
4048,WERELGAQLARGGDDLNAQN,-10.11483747709878,,-10.065045108791502
4049,WERELGAQLRRVGDDLDKQR,-11.825826904917445,,-11.146064315661206
4053,WERENGAQLGRIGDDLVTQT,,,-9.924378939011046
4057,WERENGAQLTRSGDDLPKQS,-9.006334011148471,,-9.870898774392609
4062,WHRELGAQLGRLGDDLNAQY,-11.14049788006691,,-13.258226215272124
4063,WHREYGAQLTRDGDDLVKQH,,,-10.36227821720809
4065,WIREFGAQLIRAGDDLLEQN,,,-10.110783235252576
4066,WIREFGAQLIRNGDDLPAQH,-9.58344653430259,,-10.1037124801741
4067,WIREFGAQLRRFGDDLLEQP,-9.528542953590978,,-9.792726908131545
4068,WIREHGAQLGRCGDDLAEQY,,,-10.08056887615798
4095,WIREIGAQLGRAGDDLIEQP,-9.5791460199741,,-9.89656729504744
4116,WIRELGAQLTRVGDDLHAQH,,,-10.128848052041775
4119,WIRENGAQLVRTGDDLTAQS,-9.04709449164935,,-9.942227725435432
4120,WIREVGAQLRRIGDDLIAQN,-10.424246856235632,,-12.401386250295543
4121,WIREYGAQLIRVGDDLTEQT,-9.156489637703055,,-10.06195889450069
4135,WKREIGAQLIRGGDDLITQA,-9.300946416262306,,-9.661324520479697
4146,WKRENGAQLRRIGDDLDTQY,-9.280182666251614,,-9.717944132149906
4147,WKREVGAQLGRIGDDLNAQN,-9.005812021475176,,-9.68167424162136
4148,WKREVGAQLIRHGDDLVAQC,,,-9.72826315049858
4150,WLREDGAQLIRGGDDLTTQN,,,-9.812761764668785
4152,WLREFGAQLGRCGDDLLEQG,-9.664645897527482,,-10.185881360786638
4153,WLREFGAQLIRIGDDLNAQH,-10.735078935997995,,-12.903307782338175
4155,WLREHGAQLRRAGDDLNTQH,-9.75046672380042,,-10.022521926573594
4156,WLREHGAQLRRIGDDLVEQH,-9.984476185469594,,-11.173605346734192
4169,WLREIGAQLARAGDDLHEQS,-10.405850684451837,,-11.534995255350884
4171,WLREIGAQLGRVGDDLDTQS,-10.129321739185642,,-10.28948282935481
4172,WLREIGAQLIRVGDDLITQY,-10.109517568853226,,-11.220527346968424
4179,WLRELGAQLARIGDDLITQP,-11.11300932923382,,-12.682837960302837
4181,WLRELGAQLIRVGDDLLTQA,-10.035232830322368,,-9.98106752820175
4182,WLRELGAQLRRLGDDLAAQG,-10.889907475771587,,-11.754868816629882
4184,WLRELGAQLTRFGDDLDEQS,-9.263381418758412,,-10.055745160283806
4185,WLRENGAQLTRSGDDLLAQD,,,-9.858021625840816
4187,WLREVGAQLIRFGDDLHKQY,,,-12.505527103565932
4188,WLREVGAQLRRIGDDLAAQR,-11.141812558867956,,-12.619375930013781
4190,WLREVGAQLVRVGDDLHEQC,,,-10.172104644092725
4194,WMREDGAQLGRAGDDLTEQP,,,-9.887581216394661
4196,WMREFGAQLARIGDDLITQC,,,-12.763952114900281
4197,WMREFGAQLTRRGDDLNTQS,-9.533383527337877,,-9.900969807048293
4199,WMREFGAQLVRRGDDLVEQN,-9.46684495752847,,-9.932883209867162
4200,WMREHGAQLGRSGDDLITQN,-9.56646180490042,,-10.1044630615778
4202,WMREIGAQLIRTGDDLNKQC,,,-10.179364552952576
4203,WMREIGAQLRRAGDDLNKQT,-11.783209001748352,,-12.139938991078047
4204,WMREIGAQLRRDGDDLTKQT,,,-9.867944595391569
4207,WMRELGAQLARFGDDLIKQH,,,-12.542039142278307
4208,WMRELGAQLARIGDDLLEQS,-11.416919618035152,,-12.72253615298094
4210,WMRELGAQLIRTGDDLLEQS,-9.297561619178762,,-9.957173242157054
4212,WMREVGAQLARTGDDLHEQD,-9.631252912315613,,-9.954382671047654
4215,WMREYGAQLTRIGDDLNEQC,-9.686154932676557,,-10.235515662795429
4217,WNREDGAQLGRRGDDLDEQS,-9.406196876115047,,-9.964292714675707
4218,WNREDGAQLRRYGDDLLEQS,-8.97897089917873,,-9.918315506223898
4221,WNREFGAQLTRFGDDLTEQP,-8.966476471669406,,-10.069604132055506
4223,WNREIGAQLARAGDDLNAQC,-10.374346840366305,,-11.7861304672482
4225,WNRELGAQLIRYGDDLIEQG,-9.678632271598618,,-9.802978763389092
4247,WQREIGAQLARVGDDLDAQS,-11.163565715446486,,-11.54124652308423
4256,WQRENGAQLRRSGDDLAEQR,-9.345418847725744,,-9.885426536877969
4276,WVREFGAQLARFGDDLVKQY,-11.23306018546774,,-12.947195154586977
4277,WVREFGAQLARIGDDLDKQP,-10.822896134021038,,-11.977728614953758
4280,WVREFGAQLGRIGDDLLAQH,-10.290789940451035,,-11.722989987539965
4281,WVREFGAQLGRIGDDLNTQA,-10.50539229871331,,-12.449256832755694
4282,WVREFGAQLGRLGDDLNEQN,-9.880187360446316,,-11.560675716796029
4285,WVREFGAQLVRYGDDLNAQP,-9.042281812290868,,-9.954201903223854
4286,WVREHGAQLARSGDDLVAQH,-9.929496528966496,,-10.061908781071278
4288,WVREHGAQLVRVGDDLHEQC,,,-10.311212016174698
4312,WVREIGAQLARAGDDLVAQH,-10.162118704811187,,-11.728677569162222
4313,WVREIGAQLGRFGDDLVTQR,-9.597732619219796,,-11.399718571425858
4314,WVREIGAQLGRLGDDLVKQY,-10.531374667902622,,-12.666160663146524
4315,WVREIGAQLGRSGDDLHTQS,,,-10.0519686336438
4316,WVREIGAQLIRCGDDLHTQP,-9.608854397533555,,-10.196432455606283
4334,WVRELGAQLGRFGDDLAAQA,-9.861053914851984,,-11.324593973254572
4335,WVRELGAQLGRIGDDLIAQP,-10.195916304897796,,-11.023744719211965
4336,WVRELGAQLIRLGDDLDEQY,-9.772937699744109,,-12.664186274932648
4337,WVRELGAQLRRIGDDLITQC,-10.652460306986207,,-12.184738088098285
4338,WVRELGAQLVRIGDDLIKQC,-10.168375133025217,,-10.69327420688871
4340,WVRENGAQLVRDGDDLAKQD,,,-9.682116333828539
4342,WVREVGAQLARAGDDLDEQS,-9.717942228632502,,-9.929225639865818
4343,WVREVGAQLARFGDDLTAQR,-10.324523504693543,,-12.12095707258744
4345,WVREVGAQLARIGDDLHAQS,-11.19494657307853,,-12.617965959112368
4347,WVREVGAQLIRLGDDLIEQS,,,-10.82032481139219
4348,WVREVGAQLIRVGDDLHAQP,-9.467020360774468,,-10.321446438112769
4349,WVREVGAQLTRFGDDLLTQC,,,-10.120172686101448
4354,WVREYGAQLIRNGDDLHTQA,,,-9.973964440125528
4815,WDREDGAQLARVGDDLIAQN,,,-9.854585469713662
4816,WDREIGAQLARVGDDLPAQH,,,-9.830088092882193
4818,WDREVGAQLRRIGDDLNAQG,-10.96773022552942,,-12.829687221786926
4830,WERELGAQLGRTGDDLIKQD,-9.679570309894233,,-9.997117572415084
4831,WEREVGAQLARIGDDLVEQC,-11.790776839441262,,-13.442698296765132
4832,WEREVGAQLRRSGDDLITQS,-9.457063565658583,,-9.84384875966159
4834,WHRELGAQLVRCGDDLIEQC,,,-10.082504260208083
4835,WHREYGAQLARGGDDLDEQA,-9.504831026182421,,-10.058180624492833
4836,WIREFGAQLIRSGDDLHAQS,-9.132685854663416,,-9.940707790451805
4837,WIREFGAQLRRIGDDLAAQC,-10.835275315494702,,-12.430572553771524
4849,WIREIGAQLARIGDDLIAQS,-10.90228148481267,,-13.084777246585016
4851,WIREIGAQLIRVGDDLNKQD,-10.016423417823964,,-9.976446048466084
4858,WIRENGAQLARVGDDLLAQY,,,-9.859861438224131
4860,WIREVGAQLGRIGDDLDKQG,-10.094298715032384,,-10.984640895165892
4866,WLREFGAQLARVGDDLNTQH,-11.011279779219231,,-12.222944437948074
4872,WLREIGAQLRRYGDDLLAQH,-10.787230968990713,,-12.221845475264153
4878,WLREVGAQLARFGDDLLKQY,-11.454363396357845,,-13.363322033586767
4881,WLREYGAQLIRFGDDLIEQC,-9.78385692297184,,-10.206154281073124
4883,WMREFGAQLARLGDDLTAQT,,,-12.580238613914766
4884,WMREFGAQLGRIGDDLVKQN,-10.431010403365255,,-12.140973102832856
4885,WMREFGAQLRRFGDDLVAQA,-10.975393329570398,,-12.130189654871412
4886,WMREIGAQLRRGGDDLATQG,,,-10.495553296711448
4887,WMREIGAQLVRFGDDLVTQH,-9.283736093023176,,-11.07999522301226
4889,WMRELGAQLARFGDDLDKQS,-10.848200317647851,,-12.122269611170866
4890,WMRELGAQLGRIGDDLNTQC,-10.678809753501573,,-12.336520016544654
4891,WMRELGAQLGRYGDDLLAQG,-9.581271531676107,,-9.869429288151348
4892,WMRELGAQLIRFGDDLTEQA,,,-11.21688819116392
4894,WMREVGAQLGRLGDDLLEQS,-9.646744469916898,,-10.485569976612432
4896,WNREVGAQLRRIGDDLNKQA,-11.355746806940408,,-12.482094479649048
4901,WQREHGAQLRRLGDDLDTQC,,,-9.945037135620547
4907,WQREIGAQLARIGDDLNEQS,-11.698791566455835,,-13.586809662619634
4920,WVREDGAQLRRDGDDLVTQC,-9.348217444207444,,-9.827002503792482
4922,WVREFGAQLARIGDDLLEQY,-10.841971095671292,,-13.138518304044545
4923,WVREFGAQLARIGDDLVAQY,-11.30555002323724,,-13.171898912996411
4924,WVREFGAQLARLGDDLTTQY,-10.23562502601299,,-12.175654146454606
4925,WVREFGAQLARTGDDLHKQG,-9.516969173667801,,-10.095887881617564
4926,WVREFGAQLARVGDDLIEQT,-9.579562878140656,,-11.07213707691345
4927,WVREFGAQLRRYGDDLIEQA,-10.102991612488092,,-10.13695782956116
4928,WVREFGAQLTRYGDDLITQY,-9.403917984969134,,-9.857681435421384
4942,WVREIGAQLARAGDDLVEQT,-9.878802501483774,,-12.32509567608448
4943,WVREIGAQLARHGDDLIKQR,,,-10.296316719728553
4944,WVREIGAQLRRYGDDLATQA,-9.938568125173148,,-11.834929727431087
4945,WVREIGAQLRRYGDDLHEQT,-10.2746421417512,,-12.472943874328699
4950,WVRELGAQLARFGDDLLAQA,-10.641191048187858,,-11.148335088695305
4951,WVRELGAQLARIGDDLTTQR,-11.021856788015167,,-12.243251255114881
4952,WVRELGAQLVRSGDDLTKQY,,,-9.72974144892218
4953,WVRENGAQLIRIGDDLATQA,,,-9.954349373739335
4954,WVREVGAQLIRRGDDLPKQD,-9.419613034001292,,-9.789188166021242
5304,WDREVGAQLRRAGDDLATQR,-10.141739294678565,,
5311,WEREIGAQLARLGDDLIAQY,-11.117017023573059,,
5332,WLREFGAQLARIGDDLVAQY,-10.95360352057302,,
5333,WLREFGAQLARIGDDLVKQS,-10.829880296670243,,
5334,WLREFGAQLRRYGDDLHKQN,-11.383662417073404,,
5339,WLREIGAQLIRIGDDLTEQD,-9.862764521656613,,
5345,WLRELGAQLRRIGDDLTKQN,-10.775611821799572,,
5348,WMREFGAQLGRIGDDLIKQT,-9.971784054051547,,
5349,WMREFGAQLIRVGDDLLAQT,-9.266802695194055,,
5350,WMREHGAQLVRIGDDLNTQA,-9.795154430866962,,
5354,WNREIGAQLRRTGDDLDAQT,-10.134538646209146,,
5356,WQREFGAQLRRVGDDLIAQY,-10.733330773393448,,
5358,WQREIGAQLTRIGDDLTEQR,-9.656640194558387,,
5371,WVREFGAQLRRFGDDLLAQT,-10.445394635022451,,
5372,WVREHGAQLARIGDDLITQA,-9.601531486829533,,
5373,WVREHGAQLTRFGDDLIKQY,-9.71027422615732,,
5571,WDREFGAQLRRIGDDLDTQP,-10.199131899243286,,
5573,WIREIGAQLARYGDDLAKQD,-9.49066641640173,,
5574,WIRELGAQLVRLGDDLVTQS,-9.443546073982347,,
5578,WQREDGAQLGRPGDDLVAQD,-10.286335822627311,,
5583,WVRELGAQLIRSGDDLIKQD,-8.868245818892952,,
5624,WDREVGAQLVRVGDDLIEQR,-9.48858904410324,,
5629,WIREDGAQLTRYGDDLLTQS,-9.093374180290244,,
5630,WIREFGAQLVRSGDDLAKQT,-9.249678608727091,,
5636,WIRELGAQLRRCGDDLNTQY,-10.813711861238886,,
5642,WLREIGAQLIRNGDDLNKQH,-9.209490948820338,,
5644,WLREYGAQLGRSGDDLITQT,-9.082926251802128,,
5648,WMREIGAQLTRAGDDLVKQS,-10.450879398814688,,
5649,WMRENGAQLTRSGDDLNTQA,-8.912910462016393,,
5650,WMREVGAQLVRFGDDLLTQR,-9.14408875441208,,
5652,WMREVGAQLVRIGDDLIEQS,-10.25631564873553,,
5653,WMREYGAQLVRAGDDLIKQC,-9.374914869903776,,
5657,WNREYGAQLIRSGDDLPAQY,-9.87253046380755,,
5673,WVREFGAQLRRGGDDLIKQS,-9.02441886435702,,
5676,WVREIGAQLVRLGDDLDTQH,-9.162912267222849,,
5679,WVRELGAQLGRYGDDLVAQP,-9.09846691169954,,
5791,WLREFGAQLARAGDDLTEQP,-9.560481746473382,,
5793,WLREHGAQLARIGDDLPKQA,-9.59546965427814,,
5796,WLREIGAQLVRVGDDLNEQH,-10.358576574112236,,
5798,WLREVGAQLRRIGDDLATQS,-11.484530457714213,,
5799,WLREYGAQLARLGDDLVTQT,-10.440697794964247,,
5801,WMREFGAQLRRFGDDLHTQR,-11.183721121380577,,
5803,WNREFGAQLRRIGDDLLAQR,-10.873801134035027,,
5815,WVREHGAQLRRSGDDLLEQN,-9.383179606536958,,
5820,WVREIGAQLGRIGDDLHKQN,-10.741609427352543,,
5821,WVREIGAQLIRLGDDLLTQH,-9.805637153684154,,
5825,WVRELGAQLARFGDDLTKQS,-10.07325308201433,,
5826,WVREVGAQLGRFGDDLAKQR,-9.617787571781236,,
5828,WVREVGAQLRRVGDDLVTQY,-11.693867719478293,,
5829,WVREVGAQLTRGGDDLVEQH,-9.391354619989434,,
